{
    "jaccard": 0.37781136355115663,
    "hamming": 0.10483635136655045,
    "precision": 0.4602570505576354,
    "recall": 0.5902035766505455,
    "at_least_one": 0.7604881340681588,
    "at_least_two": 0.21921043752108874,
    "lemmatized": true
}