{
    "jaccard": 0.3823621948262611,
    "hamming": 0.11563475511392765,
    "precision": 0.4867954956816915,
    "recall": 0.6035811585216917,
    "at_least_one": 0.8431317287638803,
    "at_least_two": 0.36643932134603463,
    "lemmatized": true
}